{"cameraMode":{"drawMode":0,"name":"Shaded","section":"Shading Mode"},"sceneLighting":false,"audioPlay":false,"sceneViewState":{"showFog":true,"showMaterialUpdate":true,"showSkybox":true,"showFlares":true,"showImageEffects":true,"showParticleSystems":true},"in2DMode":false,"pivot":{"x":-433.3240966796875,"y":204.31015014648438,"z":375.28167724609377},"rotation":{"x":0.014364027418196202,"y":0.5834612846374512,"z":0.010321949608623982,"w":-0.8119484186172485},"size":1399.3607177734375,"orthographic":false}